Real,Predicted
606,594
788,723
944,898
155,99
633,626
617,514
408,410
124,200
204,317
671,756
327,321
608,527
927,950
758,721
934,937
905,950
312,303
748,711
828,860
64,154
461,414
291,177
144,265
509,594
1058,1016
136,210
124,92
1064,1073
309,317
266,161
133,207
662,562
872,888
155,321
892,871
850,798
486,410
39,4
611,658
424,369
450,520
221,285
977,1001
952,944
290,402
698,691
1031,1055
408,535
533,580
446,520
68,154
261,279
1000,1000
970,1027
697,691
607,594
337,420
42,92
978,1027
51,199
693,702
324,279
1085,1022
6,82
813,777
912,951
65,92
345,371
365,369
998,998
1020,993
412,502
621,560
229,347
97,99
613,684
317,369
189,99
463,547
725,806
1062,1084
234,177
980,951
761,853
534,584
479,499
809,848
703,702
66,92
840,798
1066,1073
942,897
695,691
176,161
158,99
376,268
538,584
400,514
255,245
342,182
418,520
563,611
945,937
84,154
703,657
601,594
323,350
472,562
1077,1058
790,801
703,806
1055,1070
884,869
218,350
416,410
654,702
338,404
540,410
121,207
925,960
225,350
972,968
956,951
172,253
69,200
771,762
638,647
487,435
305,321
183,268
228,347
271,320
725,702
262,196
372,321
845,798
710,685
568,658
1053,1008
140,235
361,373
179,321
384,463
775,752
414,397
143,154
393,442
851,830
966,968
1003,1072
808,853
275,350
579,560
701,762
905,898
338,288
206,350
822,774
427,371
1026,993
402,410
342,265
436,585
363,182
341,243
770,806
218,351
949,1000
374,347
386,321
640,641
427,508
906,880
975,961
52,104
857,812
834,777
995,1055
841,848
414,514
972,968
329,369
262,373
291,369
1068,1060
714,677
746,706
629,626
339,177
131,110
720,682
419,317
419,369
431,430
160,99
799,885
451,499
316,402
865,802
1057,1031
703,691
596,594
444,426
991,1027
432,439
554,547
395,369
332,326
676,723
453,392
471,558
434,404
380,369
642,756
475,558
337,182
985,955
168,141
649,691
699,777
21,33
216,202
618,684
1034,1001
720,853
166,253
442,558
903,903
789,819
295,350
781,777
1089,1022
390,442
555,527
443,350
607,594
808,721
400,350
621,626
550,527
671,684
591,644
229,202
958,898
555,584
841,802
640,597
896,937
1028,1042
360,442
327,279
930,1000
774,777
676,672
592,587
821,830
262,350
852,796
1044,1084
648,604
137,253
422,527
663,637
298,371
1089,1092
854,853
1049,1029
6,46
1035,1001
1095,1040
827,801
281,243
718,806
163,182
117,104
1090,1092
524,658
1097,1092
251,347
29,33
1087,1084
445,457
432,457
887,865
661,637
450,562
253,247
234,321
685,684
213,303
353,347
1014,1001
325,350
780,853
713,806
282,347
538,410
680,657
567,658
299,371
670,756
773,777
159,161
826,777
803,853
277,320
476,410
775,751
715,657
1038,1016
806,798
304,321
698,806
241,182
90,161
900,951
336,321
730,753
549,527
386,402
995,962
1082,1058
924,935
808,830
576,644
248,265
953,968
1014,969
548,514
296,350
783,777
894,927
787,860
975,1000
780,853
763,691
479,558
1022,1053
453,558
946,951
17,32
840,791
705,691
427,404
468,562
137,99
675,657
436,520
336,369
1090,1070
663,657
555,547
745,702
258,321
97,154
519,586
176,317
579,684
396,410
498,499
406,373
284,265
972,1001
278,207
204,321
304,196
455,558
558,584
844,903
996,1001
597,560
912,950
42,99
440,317
920,1000
22,82
675,644
285,265
168,317
504,584
836,903
42,43
770,704
355,371
895,888
69,154
1024,1055
331,347
278,375
346,321
748,753
755,702
180,182
1099,1072
216,99
531,547
118,161
643,657
172,196
799,794
548,659
377,441
1017,968
135,177
225,182
149,182
810,801
938,1000
62,46
962,968
26,199
115,200
499,611
963,988
301,371
241,305
870,865
260,202
186,99
360,347
787,860
925,939
726,691
953,944
429,369
226,200
660,756
685,685
1087,1050
1083,1092
797,777
283,279
300,293
207,161
5,33
493,457
423,368
399,317
1007,988
1049,1073
445,404
519,658
544,611
496,442
771,746
131,207
755,746
765,704
810,860
994,1027
18,32
694,706
145,202
629,626
343,207
978,934
726,677
385,390
1033,1053
947,897
105,200
354,279
687,806
409,410
463,611
717,772
582,584
36,46
627,684
596,594
909,951
841,903
328,369
471,558
685,684
667,657
72,92
877,865
832,801
917,918
354,369
284,207
1068,1084
140,253
477,586
994,1001
662,637
258,202
421,435
874,951
880,898
429,520
839,830
471,547
1080,1070
455,457
409,497
385,390
66,134
579,594
84,43
166,321
224,279
243,177
1004,1001
571,644
1072,1073
132,161
893,794
789,752
519,547
901,901
391,321
810,752
421,321
776,848
870,897
713,756
976,988
725,677
910,950
774,853
592,594
1068,1053
115,92
522,658
768,853
1039,1029
339,404
692,682
494,410
822,798
981,1001
930,935
15,33
906,898
458,369
22,104
884,903
1054,1008
784,801
323,171
668,580
980,1008
412,317
715,691
523,439
831,791
670,657
1060,1058
770,752
1098,1072
1047,1047
376,350
193,177
833,819
659,562
249,104
636,684
982,949
407,375
974,1000
592,643
570,527
211,321
788,795
563,527
292,293
954,1000
565,584
237,99
132,161
952,968
585,658
531,584
294,202
1069,1073
982,1001
668,657
1041,1042
636,626
573,594
528,584
779,723
481,584
960,944
998,1001
894,951
830,853
676,637
342,371
852,802
231,202
434,404
338,207
93,200
209,321
608,644
917,897
1036,1001
948,968
7,46
509,439
1051,1016
1043,1022
797,795
271,202
693,806
504,584
341,402
809,860
536,478
138,161
546,502
277,207
598,594
448,527
302,182
1015,1058
689,644
251,321
74,11
900,898
640,626
1065,1073
308,196
1019,1084
947,968
162,253
801,903
827,777
978,968
467,439
381,369
381,321
205,182
864,802
1065,1053
30,4
353,279
928,885
418,435
576,617
339,303
131,171
929,951
891,885
1051,1040
935,898
259,305
1045,1042
279,350
335,321
163,253
401,410
646,665
981,1055
845,903
571,545
308,390
974,1000
857,791
314,397
980,968
555,684
411,317
489,410
375,457
63,46
427,368
884,888
308,317
414,410
556,463
400,410
67,82
976,1055
413,499
492,499
1011,989
958,1000
392,347
541,584
663,637
401,456
267,347
145,207
632,574
296,196
939,1000
200,321
84,92
972,898
893,885
168,321
845,798
210,253
357,433
696,691
423,410
870,903
387,321
1041,1073
111,104
1046,1053
153,154
1007,1055
893,871
377,439
333,279
111,161
366,373
234,321
169,182
1062,1089
89,110
370,279
385,196
17,55
633,543
773,853
400,317
958,944
681,644
800,865
775,853
1017,996
223,247
710,702
973,968
106,110
802,865
554,501
376,442
796,774
463,414
311,196
556,644
808,853
130,202
577,594
949,968
687,672
129,161
252,279
545,547
920,960
600,560
932,865
830,806
119,177
486,495
217,196
538,478
335,369
395,457
419,317
447,439
255,202
1085,1058
357,442
342,358
963,968
22,32
488,584
174,199
484,499
608,644
1116,1092
206,104
705,702
947,1023
822,801
375,317
264,200
174,271
137,284
426,430
298,303
381,317
791,798
800,830
193,182
858,950
328,288
157,321
171,279
616,626
194,321
194,196
417,392
523,499
905,951
361,321
616,617
206,182
974,1000
53,110
871,950
208,303
956,898
304,369
93,92
70,33
907,848
891,871
889,951
905,898
314,321
522,518
401,463
550,463
904,898
475,495
620,594
887,913
537,584
925,1000
864,950
1064,1027
831,785
340,177
206,161
352,371
963,968
383,373
363,390
716,806
521,495
346,347
904,860
931,898
631,684
943,1000
630,644
639,756
2,60
552,503
118,265
461,585
595,594
503,525
200,202
654,647
270,317
114,110
338,288
687,691
289,321
698,772
700,682
230,104
398,373
1034,1042
634,587
573,619
79,201
65,82
150,199
528,478
981,1001
534,439
681,641
613,574
1062,1016
674,584
331,368
743,762
306,350
393,410
505,441
1033,1001
822,830
588,547
164,161
566,499
638,626
58,104
1074,1092
55,99
203,99
1062,1070
710,806
656,641
1039,1073
339,243
598,684
158,182
891,868
756,756
709,682
962,898
493,584
621,658
315,402
713,672
200,321
216,347
596,684
975,933
394,369
364,373
600,608
110,202
35,55
565,584
1038,995
748,721
568,547
757,756
455,317
623,527
371,317
273,285
916,960
257,182
283,350
679,756
724,691
643,626
664,604
403,317
940,1000
924,955
481,500
1085,1092
1054,1058
919,888
39,99
652,644
663,637
728,753
997,949
1044,1070
904,898
623,684
774,853
484,371
506,501
524,507
326,317
301,293
357,202
129,110
157,154
192,182
64,104
620,626
628,527
277,293
98,134
168,134
677,644
158,161
477,500
703,682
877,950
661,657
811,830
239,182
1097,1088
1077,1088
1061,1050
605,594
557,658
146,154
599,644
377,373
880,885
821,798
108,200
1045,996
57,46
674,756
926,950
322,390
461,443
869,950
485,441
491,500
931,885
925,1000
77,104
1083,1050
249,201
829,801
297,371
544,463
460,410
954,939
102,199
383,369
704,702
228,321
716,677
363,350
636,756
923,1000
484,501
148,196
312,317
744,702
1013,1001
276,359
922,865
234,202
1007,1001
809,777
892,951
281,371
678,684
348,402
262,279
355,369
412,410
428,520
841,903
787,752
950,950
534,527
695,691
474,457
362,439
107,200
1011,1001
983,988
941,898
958,968
1081,1089
429,414
944,1000
322,320
381,390
130,207
497,499
485,584
887,865
284,350
123,207
839,848
90,154
419,410
587,543
334,350
693,657
714,691
577,542
590,560
79,33
122,82
507,499
1011,1055
53,99
849,772
947,942
431,369
183,182
641,757
377,317
208,154
297,321
718,657
1067,1016
866,865
313,397
83,43
798,885
841,903
491,410
423,520
712,702
405,463
528,611
1022,988
1014,1023
163,161
387,373
722,691
921,927
509,584
369,373
851,798
772,777
402,410
990,1027
780,762
143,110
124,92
1074,1052
893,951
1078,1087
459,279
411,497
136,182
38,104
792,865
122,177
56,154
1093,1075
940,898
863,950
1006,1055
990,1072
249,182
523,584
556,580
858,888
656,641
491,410
771,753
814,853
994,968
62,11
307,369
1112,1092
107,161
1080,1067
752,682
1021,989
274,293
278,268
863,865
666,723
216,196
896,889
705,702
236,99
548,587
845,888
563,547
307,369
705,806
1082,1084
915,897
196,321
280,182
248,321
715,691
492,584
98,99
415,317
1086,1092
374,303
94,154
304,371
842,861
977,957
205,321
922,887
761,721
15,32
458,439
632,684
298,279
694,691
633,614
536,580
904,871
701,691
864,802
409,410
454,558
325,369
582,684
822,860
666,684
845,861
34,92
379,265
886,903
138,207
406,350
209,321
586,514
280,371
710,684
839,865
422,321
283,347
568,587
293,402
531,584
533,584
66,104
612,658
1021,1001
959,1000
794,753
941,898
1042,1042
861,860
1017,1075
315,196
311,371
656,641
405,317
1079,1050
358,369
95,201
699,806
880,795
958,1000
784,774
490,371
163,99
980,1000
964,915
333,420
296,321
241,347
180,196
959,968
91,161
909,927
280,200
270,207
217,154
775,723
335,369
1025,1070
1091,1092
700,721
1063,1089
784,772
557,594
989,955
954,942
407,317
992,988
990,955
839,861
471,410
300,397
297,371
802,746
790,774
1078,1092
336,433
487,495
824,765
882,802
747,723
374,317
1049,1023
315,397
381,441
813,752
210,182
111,200
615,684
937,887
242,347
943,897
871,951
844,848
887,885
232,350
859,853
662,723
773,795
295,295
65,127
758,853
1064,1016
61,104
139,99
863,860
507,439
950,950
278,171
234,321
361,347
534,585
823,903
313,390
985,957
853,801
351,317
133,154
596,626
1049,1023
372,373
331,371
585,505
276,350
573,584
423,321
73,154
59,134
331,321
864,848
621,684
904,950
152,99
433,404
945,939
526,547
352,288
145,265
440,410
582,542
919,865
374,439
85,154
366,430
159,253
1032,1027
868,794
704,702
561,514
788,752
867,865
515,580
866,865
603,603
874,865
774,860
297,171
650,584
997,993
1026,993
914,918
878,860
642,657
890,951
781,753
803,801
857,860
9,46
237,321
881,802
147,196
477,547
992,1029
814,819
67,92
475,585
490,584
49,82
243,347
786,801
72,92
273,293
163,265
995,989
966,933
126,199
425,433
72,104
793,774
71,104
517,368
272,350
560,587
557,584
760,853
651,626
282,207
336,347
135,196
849,903
409,317
1090,1022
665,655
856,861
468,467
1076,1067
15,82
707,691
941,897
395,456
335,369
1085,1095
770,853
434,501
205,104
976,935
498,501
689,691
847,796
152,99
302,265
426,410
302,284
1017,988
829,853
673,756
328,320
671,657
764,702
625,684
869,798
255,279
593,684
286,350
529,584
109,110
790,860
715,691
1021,1001
722,772
505,507
839,903
78,33
334,369
544,587
359,305
699,721
134,182
482,462
1094,1040
945,1000
986,957
782,848
215,202
659,641
565,441
413,317
858,860
850,865
115,110
994,1055
813,853
185,321
1023,1072
867,798
570,545
140,134
436,410
708,692
890,875
878,860
975,1000
172,99
553,508
1044,1073
943,897
62,104
1036,1084
332,293
775,853
1068,1084
998,1047
553,584
1055,1053
789,801
986,1001
659,684
1035,1050
627,594
557,527
814,762
47,92
906,853
875,865
47,99
1050,1040
808,830
605,684
363,347
219,196
166,321
176,154
1026,1000
945,955
705,587
901,901
573,665
779,774
480,410
672,756
887,950
508,584
764,853
775,772
1069,1050
447,439
336,321
780,801
130,110
842,795
671,657
579,594
761,853
413,410
390,441
934,968
448,562
836,752
538,439
566,562
971,968
1081,1067
17,32
238,182
758,746
544,495
168,161
244,182
725,691
450,585
655,665
910,927
509,500
39,33
941,939
187,182
605,503
3,11
417,538
444,350
273,320
481,443
111,82
474,443
480,462
285,369
633,684
1051,1053
939,1000
59,104
531,439
156,154
622,626
627,594
612,641
622,626
727,691
455,457
84,154
815,860
509,499
635,527
488,442
474,585
827,853
64,92
923,937
455,410
8,11
902,897
1032,1023
17,99
190,279
1025,1037
996,988
953,887
938,962
826,903
940,918
1036,1038
620,614
606,594
1011,996
348,321
637,594
889,950
111,92
1010,1001
749,691
348,369
121,154
372,439
1119,1092
473,457
322,369
769,704
765,752
303,350
910,888
362,433
62,134
911,880
418,410
646,756
510,584
86,104
1036,1040
280,182
200,177
1068,1027
958,961
847,860
24,110
124,202
1047,1075
899,897
445,410
414,410
269,373
460,350
850,861
746,721
493,462
441,392
1034,1084
818,848
763,777
599,587
564,560
224,321
447,462
461,439
289,207
920,889
450,404
1026,1055
722,806
44,92
532,478
995,1001
957,1000
227,104
1037,1070
688,643
718,677
986,1072
307,347
489,441
993,968
449,371
445,371
539,584
323,392
847,903
470,495
59,104
707,806
680,684
967,1001
1014,1027
470,457
281,317
479,558
526,518
759,746
1027,1053
384,439
965,944
389,350
1003,1055
590,643
966,942
820,830
644,644
252,182
247,320
933,898
958,968
472,500
261,196
378,457
333,288
581,594
629,626
766,704
120,202
483,462
742,795
656,657
112,202
1003,1001
333,303
855,798
269,200
233,321
973,968
522,584
872,865
824,819
264,390
991,968
269,285
349,202
526,584
891,898
299,196
667,637
984,988
625,594
320,199
751,644
1079,1092
348,442
683,657
979,1023
1004,993
302,420
884,921
753,702
862,950
123,177
759,721
981,1000
80,201
356,404
569,626
967,988
878,903
176,154
1090,1089
1006,989
613,684
650,756
621,626
360,441
530,478
964,944
953,1000
287,369
698,702
835,865
178,265
504,410
506,442
471,439
1057,1066
529,611
479,410
616,684
743,682
284,196
13,99
472,558
825,865
312,369
656,657
370,347
933,1000
1094,1084
503,442
690,702
948,897
826,832
674,657
405,404
591,604
564,580
5,99
281,371
254,154
252,99
459,350
1064,1070
581,584
436,527
629,594
781,721
217,347
485,462
214,99
837,785
8,82
175,161
120,207
505,499
945,942
583,643
382,293
773,702
1016,1075
1047,1047
879,853
241,202
847,794
201,182
296,369
834,830
825,762
213,321
80,161
820,777
688,702
725,706
1020,1001
993,939
838,903
953,968
103,134
573,585
420,410
792,903
892,865
79,161
688,657
354,321
1063,1053
589,684
607,527
221,154
695,806
682,637
431,317
567,644
389,463
194,99
289,171
536,495
612,659
504,507
1056,1073
310,317
895,898
398,317
348,202
385,369
788,860
941,897
69,99
9,43
90,104
345,196
809,682
286,321
624,665
606,604
745,702
228,99
969,1001
829,806
136,161
185,99
211,161
259,347
920,927
1011,1053
439,408
653,584
877,848
813,798
314,317
541,478
450,410
1026,1001
614,538
972,1027
900,950
278,245
1042,1092
1054,1050
534,499
938,937
837,903
806,848
900,889
929,955
987,1031
724,691
793,796
511,584
858,798
854,819
963,897
326,243
601,684
871,950
356,368
857,865
413,478
118,177
494,584
1093,1040
716,691
254,202
873,951
1032,1084
163,154
1035,1073
916,888
259,245
120,82
469,467
224,99
88,201
650,723
244,196
382,456
938,951
215,177
421,478
1075,1050
142,182
48,104
179,321
816,801
296,397
954,1000
854,807
61,11
396,317
118,200
931,955
900,950
1070,1088
422,369
169,154
303,293
542,658
980,897
456,414
818,801
332,442
225,321
437,410
856,861
307,397
460,404
986,1027
800,903
879,885
705,782
384,279
96,196
191,268
785,774
529,520
360,182
520,462
525,584
439,317
717,691
875,951
97,154
137,202
969,942
718,644
946,942
156,134
817,848
927,913
556,644
356,371
363,326
924,1000
1015,989
191,303
783,777
1078,1084
485,558
841,777
491,584
840,848
1056,1058
473,585
142,207
230,92
214,288
489,584
643,641
781,750
592,626
1067,1071
98,200
828,791
776,772
747,853
393,456
957,1000
593,617
1057,1066
73,196
745,853
257,161
455,562
893,888
592,643
853,853
121,161
750,762
452,558
579,594
268,265
163,161
41,104
267,245
14,33
811,723
466,478
694,657
380,317
325,202
563,499
430,457
624,558
332,321
563,587
1005,1040
804,798
1062,1073
54,33
145,182
58,200
262,201
327,161
786,723
998,968
381,439
258,182
328,321
951,951
248,99
675,686
918,880
1039,1067
546,584
603,587
760,832
763,702
258,317
551,527
812,801
1059,1058
331,171
458,410
449,410
291,196
34,104
671,723
673,756
586,560
1046,1073
685,639
834,903
893,898
192,317
648,659
441,368
889,897
904,898
312,369
518,585
491,495
307,321
346,196
649,604
362,371
830,721
535,562
172,99
946,1000
825,795
215,303
881,898
574,584
514,538
363,433
204,200
123,202
623,626
948,898
354,402
693,691
754,750
964,968
44,46
129,207
882,950
1010,1058
407,478
700,657
225,202
528,547
956,1000
408,410
1018,1042
893,871
809,774
1076,1016
540,584
460,520
487,410
582,643
135,207
344,271
288,265
583,584
973,898
388,373
868,802
678,686
335,196
165,182
387,456
334,321
601,560
481,586
388,463
602,594
751,853
179,196
623,626
393,317
1091,1089
316,369
902,898
755,691
310,371
438,520
383,404
814,798
596,559
903,903
460,410
493,499
646,641
298,371
214,321
394,457
231,295
545,584
843,777
794,801
480,457
206,303
276,321
160,253
260,321
1078,1089
726,702
825,777
10,92
747,706
308,369
696,691
954,955
931,887
546,478
764,753
516,500
961,961
744,830
831,903
909,860
264,196
978,1055
892,937
247,199
403,456
304,369
901,998
719,806
1061,1053
65,161
1047,1047
179,99
443,520
620,584
667,756
374,420
282,390
971,968
911,950
1024,1000
502,580
131,202
1072,1092
560,501
409,404
598,594
93,99
476,584
828,848
142,99
953,897
78,11
867,796
994,949
899,913
1042,1073
913,951
109,243
620,684
991,942
1005,1055
1065,1050
191,99
977,1027
697,657
583,584
31,92
645,604
136,284
399,373
921,889
938,939
909,869
494,584
591,626
143,196
988,897
377,279
680,692
146,196
622,684
425,397
799,903
136,154
876,865
660,626
96,33
1002,1055
602,657
445,390
1076,1084
673,657
192,321
205,182
906,888
914,865
386,457
679,672
119,207
1037,995
642,806
547,611
874,898
195,182
868,865
955,1000
480,410
678,657
662,756
1069,1084
475,501
78,104
643,643
989,988
413,390
599,594
403,410
666,756
779,777
81,200
578,584
230,182
167,253
21,82
849,888
1035,1031
323,317
945,955
305,177
655,686
524,658
673,637
589,643
618,626
226,321
81,154
879,859
689,692
277,371
530,462
41,4
833,752
620,562
721,682
252,305
812,752
1030,1001
27,127
1021,1055
425,410
668,702
846,903
409,410
864,885
800,903
889,898
27,46
432,317
869,951
359,442
271,199
254,317
633,691
630,626
308,182
773,853
1078,1016
910,897
1002,1001
959,955
245,104
569,584
290,196
949,1000
611,658
846,791
355,433
617,684
212,182
863,888
240,295
658,658
1009,1055
715,690
899,889
1088,1089
843,848
38,33
142,196
16,82
416,317
669,657
469,585
642,626
384,457
1054,1053
382,442
216,321
557,463
1036,989
946,968
1033,1070
4,82
170,196
480,371
1029,1037
1012,1001
502,611
970,1023
332,293
208,104
979,968
172,265
630,626
71,200
113,134
576,594
647,756
991,988
612,619
702,665
228,305
330,317
656,641
653,647
483,558
908,913
383,457
847,830
788,774
316,397
1071,1084
212,182
256,321
511,508
966,1000
588,507
495,486
1082,1022
489,410
597,594
205,92
992,1001
559,501
817,853
581,587
342,243
846,802
127,196
1039,1075
831,777
225,92
1064,1082
447,520
772,752
378,321
181,321
761,752
340,369
780,723
1040,1042
1003,969
395,463
544,658
980,988
77,161
619,684
237,182
1007,1001
178,317
589,587
370,347
324,303
244,104
522,457
257,265
275,99
190,200
758,753
447,558
901,898
890,888
676,691
669,584
322,350
575,584
452,350
49,99
183,99
475,457
551,463
679,657
532,462
950,880
393,456
698,706
176,321
871,798
1014,1075
1024,969
124,196
570,644
1046,1031
907,950
407,410
1073,1092
536,611
332,182
750,692
396,442
518,410
828,798
602,594
279,200
385,369
213,268
569,499
814,777
573,644
444,317
936,1000
1030,989
894,871
633,636
521,457
779,777
650,756
578,503
639,594
64,104
1028,1040
607,559
687,756
93,154
630,684
88,161
602,644
469,478
407,369
276,134
868,950
1019,1001
877,796
724,697
291,350
519,585
1031,1001
300,196
263,201
869,865
188,99
996,1058
235,321
719,691
324,371
1069,1053
169,134
357,369
1113,1092
438,585
1083,1089
604,562
818,762
652,756
870,794
162,161
218,321
817,772
532,584
830,752
522,495
640,682
963,898
998,1023
662,637
496,584
454,439
783,853
892,951
856,950
987,968
558,497
883,927
1026,1058
281,154
285,371
435,500
611,560
358,371
289,350
879,950
208,321
589,514
601,594
1046,1072
480,558
555,617
932,898
1048,1070
309,371
711,682
640,643
503,410
466,547
632,626
600,594
244,321
250,182
1096,1092
576,514
301,350
22,92
514,392
959,1000
796,753
1047,1023
324,317
746,853
247,271
360,441
643,756
126,76
615,626
781,853
469,410
592,514
801,848
863,802
35,32
423,404
873,903
835,819
617,684
859,888
147,104
95,33
58,99
789,819
974,935
516,499
325,463
500,584
941,937
239,321
701,706
925,898
175,265
282,293
1059,1082
153,321
1095,1092
706,702
717,806
552,587
151,265
588,587
860,791
821,774
919,885
591,626
318,369
707,706
263,265
859,798
941,1000
248,350
247,320
241,99
648,756
1068,1087
516,462
524,410
720,692
926,927
778,798
418,410
664,665
1019,1001
972,897
818,860
688,641
876,950
984,944
705,692
387,442
461,404
168,253
54,33
1052,1058
1078,1067
453,562
158,161
1078,1089
348,253
654,657
901,998
376,439
212,321
862,865
54,104
428,520
608,586
462,414
550,580
35,46
466,410
833,903
625,684
335,321
95,99
943,951
534,584
394,317
836,777
679,580
956,942
586,520
132,284
236,182
640,708
542,611
605,684
920,897
647,641
486,584
49,99
936,898
901,888
746,753
723,691
379,369
286,350
574,659
250,321
532,439
112,82
838,830
185,268
751,702
383,420
600,594
372,463
1019,1071
835,791
928,937
824,777
238,200
814,777
470,410
1040,1073
873,885
943,1000
478,467
472,562
548,611
449,350
1081,1050
502,508
24,82
403,456
719,806
511,562
804,804
899,960
769,798
572,542
448,404
904,937
69,104
1005,1072
224,99
867,848
849,950
151,321
800,819
969,961
701,706
153,253
155,161
910,951
166,134
602,587
1039,1031
580,520
492,410
862,950
829,772
